{
    "analogy_accuracy": 0.24513378583048184,
    "wordsim_spearman": 0.585596903096903
}