{
    "analogy_accuracy": 0.21147697313064454,
    "wordsim_spearman": 0.5959577922077922
}