{
    "analogy_accuracy": 0.143378022101307,
    "wordsim_spearman": 0.5280995393495393
}