{
    "analogy_accuracy": 0.05099007124025355,
    "wordsim_spearman": 0.4644261294261294
}