{
    "analogy_accuracy": 0.15577494811241374,
    "wordsim_spearman": 0.6070997058497059
}